x0,y0,z0,vx0,vy0,vz0,sat_type,sat_name
2.1423293218922708,2.3853411112376346,1.667923013045244,0.7620386435594069,1.2396013477465901,1.2513807770544463,SatType.SECONDARY,sat_0
4.937416744773336,4.192789423152728,2.5393591616046045,0.7470695370163167,0.2495813816721629,0.8309463583741117,SatType.SECONDARY,sat_1
6.891374283456513,5.456319581793121,3.148552712410779,1.0198967920304807,1.3270555398533013,1.238147999302895,SatType.MAIN,sat_2
8.678701388878364,6.612097870904716,3.7057951929909088,1.2152662771605836,1.327703235069809,0.44484414045544995,SatType.SECONDARY,sat_3
9.19972810934412,6.949020737309299,3.868237882569178,1.2164916242439452,0.5980062617589601,0.49340932588576564,SatType.MAIN,sat_4
