x0,y0,z0,vx0,vy0,vz0,sat_type,sat_name
2.537686564887707,1.7376726780155014,1.1919847020134187,1.004641959534825,0.9400088416034171,0.3727320084465259,SatType.SECONDARY,sat_0
4.248456122107121,2.2349712720194783,1.321410293101312,1.0537174043237594,0.33909202747631784,0.30961649218846643,SatType.SECONDARY,sat_1
5.221230745799829,2.5177442794088583,1.395004033494592,0.31999930081251843,1.3580067309363721,0.554610808352901,SatType.MAIN,sat_2
8.428447870556496,3.4500408357020964,1.637641021256707,1.4718206225686372,0.41203778568471694,0.7660944298918013,SatType.SECONDARY,sat_3
11.871939258045686,4.451019265693851,1.8981529682638973,1.069921652740997,1.4052680431828677,0.7263931110917576,SatType.MAIN,sat_4
