x0,y0,z0,vx0,vy0,vz0,sat_type,sat_name
2.03982643,2.23176368,2.2480847,1.03895782,1.39357401,1.38191627,SatType.SECONDARY,sat_0
3.78529366,3.41995754,1.8020894,1.40849195,0.386485,1.06684355,SatType.SECONDARY,sat_1
1.59818277,2.88519696,1.18528826,0.77467629,0.26386268,1.03071072,SatType.MAIN,sat_2
0.90502803,0.87851232,1.9763063,1.3145939,1.49149589,0.52264027,SatType.SECONDARY,sat_3
0.59064729,3.80590634,1.20470263,0.39198139,0.38284642,1.09425328,SatType.MAIN,sat_4
